policy,level,recall,recall_ci_lo,recall_ci_hi,false_alarm_rate,margin
trend + conformal (paper),P0_unsurveyed,0.0,0.0,0.0,0.0,38.99999999999994
no-trend + conformal,P0_unsurveyed,0.0,0.0,0.0,0.0,27.0
trend + conformal (paper),P1_low,0.7371794871794872,0.4321675358539765,0.9494970715558952,0.0646876415949252,38.99999999999994
no-trend + conformal,P1_low,0.4551282051282051,0.1594739952718676,0.7957759638080247,0.0327367467149977,27.0
trend + conformal (paper),P2_medium,0.8782051282051282,0.7014080540692763,0.9919402463804928,0.0315449894275789,38.99999999999994
no-trend + conformal,P2_medium,0.6282051282051282,0.2525039082855654,0.8981023804631776,0.0090290363993354,27.0
trend + conformal (paper),P3_high,1.0,1.0,1.0,0.0206799388309922,38.99999999999994
no-trend + conformal,P3_high,0.8141025641025641,0.6696399831391784,0.9396073825503356,0.0031127284398127,27.0
oracle (true geometry) + conformal,P_oracle,1.0,1.0,1.0,0.0198138498716206,38.99999999999994
