coverage,sigma,margin,n_breach_worlds,n_violation_instances,recall,far,recall_lo,recall_hi,far_lo,far_hi
0.5,0.05,9.0,13,780,0.8910256410256411,0.004803843830237124,0.8346241221536497,0.9353006535947712,0.004024246771045172,0.005629776706640178
0.5,0.2,9.0,13,780,0.823076923076923,0.011312962543422444,0.6929218500797448,0.8961593264248705,0.01022666641654293,0.012540994606329485
0.5,0.5,9.0,13,780,0.7025641025641025,0.032600343603685245,0.645867627785059,0.7809384482900023,0.030605063317708667,0.03458532545368846
0.7,0.05,16.0,13,780,0.9371794871794872,0.0070386837335749885,0.8943340732519424,0.9707727272727272,0.006025310324146371,0.008097313363056
0.7,0.2,16.0,13,780,0.8717948717948718,0.014871714997734481,0.7572511717673007,0.9368421052631579,0.01357014755514105,0.016162011345031084
0.7,0.5,16.0,13,780,0.735897435897436,0.03775015103458692,0.6809498480243161,0.8092611111111111,0.03569713636451283,0.039974920165825975
0.8,0.05,23.0,13,780,0.9743589743589743,0.010088638423198912,0.9446079545454545,0.9964017407237746,0.008890990475667833,0.011413577280117063
0.8,0.2,23.0,13,780,0.8974358974358975,0.019166289080199364,0.7973137931034483,0.9507860082304527,0.01767054327555084,0.020785441156861612
0.8,0.5,23.0,13,780,0.7769230769230769,0.04341158812868147,0.722819950911641,0.8525549784765113,0.04108185704246666,0.045859251003846205
0.9,0.05,39.0,13,780,1.0,0.020786135024920705,1.0,1.0,0.018853629045800933,0.022713477519926886
0.9,0.2,39.0,13,780,0.9474358974358974,0.03164693777375019,0.8707553191489361,0.9830022058823529,0.02961951846862281,0.033683000616056606
0.9,0.5,39.0,13,780,0.8333333333333334,0.05943730176710467,0.770541364849409,0.9017559808612441,0.05639783552630821,0.06260547396182177
0.95,0.05,105.0,13,780,1.0,0.11700555052106933,1.0,1.0,0.11298112944014001,0.1208516548202445
0.95,0.2,105.0,13,780,0.9935897435897436,0.1282255323969189,0.971830985915493,1.0,0.12289431853946646,0.13307046548200688
0.95,0.5,105.0,13,780,0.8974358974358975,0.21667893822685394,0.8199929577464788,0.975,0.20697355187009683,0.22641448515093027
0.99,0.05,268.0,13,780,1.0,0.9596695174444948,1.0,1.0,0.9533795455093772,0.9653376663732945
0.99,0.2,268.0,13,780,1.0,0.8913518539495544,1.0,1.0,0.8818010958581807,0.9004651211707634
0.99,0.5,268.0,13,780,0.9564102564102565,0.7435092886270956,0.8913556274721324,0.9972413793103448,0.7314582061395184,0.7553948745290402
