policy,sigma,debounce_k,recall_min,far_min,detect_rate,detect_k,detect_n,detect_cp_lo,detect_cp_hi,median_lead_min,free_days_alerted,alert_min_per_free_day,kappa,margin_q
conformal (oracle geometry),0.0,1,1.0,0.01929196715485723,1.0,63,63,0.9431276476679837,1.0,17.0,0.5494703628577868,8.549921117872437,,38.0
prior design area A0,,1,0.43100511073253833,0.008093300668786307,0.6825396825396826,43,63,0.5531122629068814,0.794151097494105,9.0,0.6085192697768763,3.717151228307415,,38.0
even split (paper P0),,1,0.0,0.0,0.0,0,63,0.0,0.05687235233201625,,0.0,0.0,,38.0
conformal (oracle geometry),0.0,3,1.0,0.01264185929294879,1.0,63,63,0.9431276476679837,1.0,14.0,0.4318233040342574,5.487040793328826,,38.0
prior design area A0,,3,0.25894378194207834,0.003545685924811448,0.38095238095238093,24,63,0.26145131024714274,0.5120366027993091,6.5,0.3910299752084742,1.596123506874014,,38.0
even split (paper P0),,3,0.0,0.0,0.0,0,63,0.0,0.05687235233201625,,0.0,0.0,,38.0
conformal margin,0.05,1,0.9996592844974447,0.02018865333310051,1.0,63,63,0.9431276476679837,1.0,17.0,0.547351814288934,8.98544061302682,,38.0
safety factor (matched FAR),0.05,1,0.9959114139693356,0.019465357945323853,1.0,63,63,0.9431276476679837,1.0,16.0,0.6072571557358576,8.708631958530539,0.79,38.0
"risk-controlled kappa (CRC, beta=0.10)",0.05,1,0.927427597955707,0.0066541665467152265,0.9873015873015873,63,63,0.9431276476679837,1.0,12.0,0.32296596799639393,2.781383817894974,0.91,38.0
conformal margin,0.05,3,0.9969335604770017,0.013428489041315052,0.9968253968253968,63,63,0.9431276476679837,1.0,14.0,0.4361956276763579,5.868109082713545,,38.0
safety factor (matched FAR),0.05,3,0.9850085178875639,0.012317730836518536,0.9968253968253968,63,63,0.9431276476679837,1.0,13.0,0.4772594095109308,5.40455262564796,0.79,38.0
"risk-controlled kappa (CRC, beta=0.10)",0.05,3,0.8425894378194208,0.0036119463139826884,0.8984126984126984,58,63,0.8244240502751521,0.9737276593559724,9.0,0.22005859815190443,1.4297047554654045,0.91,38.0
conformal margin,0.1,1,0.9826235093696764,0.022547693086030433,0.9873015873015873,61,63,0.8899806265911197,0.9961320175035812,17.0,0.5412666215911652,10.122334910975885,,38.0
safety factor (matched FAR),0.1,1,0.9833049403747871,0.0228692730659541,0.9873015873015873,61,63,0.8899806265911197,0.9961320175035812,16.0,0.6183908045977011,10.32711291413117,0.78,38.0
"risk-controlled kappa (CRC, beta=0.10)",0.1,1,0.9192504258943782,0.010446677140590482,0.9682539682539683,60,63,0.8670815992518494,0.9900700488492667,14.0,0.3968897903989182,4.5469912102772145,0.88,38.0
conformal margin,0.1,3,0.9628620102214651,0.015592900699556801,0.9746031746031746,61,63,0.8899806265911197,0.9961320175035812,14.0,0.4407933288257832,6.913319810682894,,38.0
safety factor (matched FAR),0.1,3,0.959114139693356,0.015150126503542147,0.9682539682539683,60,63,0.8670815992518494,0.9900700488492667,13.0,0.5032228983547442,6.750146495379761,0.78,38.0
"risk-controlled kappa (CRC, beta=0.10)",0.1,3,0.8439522998296423,0.006250657766505751,0.8825396825396825,55,63,0.7650344243043459,0.9435487204546971,10.0,0.28825783186837955,2.642190669371197,0.88,38.0
conformal margin,0.2,1,0.9281090289608177,0.03040917678073616,0.9523809523809523,61,63,0.8899806265911197,0.9961320175035812,18.0,0.5350011268875366,13.87315753887762,,38.0
safety factor (matched FAR),0.2,1,0.9420783645655877,0.03062910086445267,0.9650793650793651,61,63,0.8899806265911197,0.9961320175035812,17.0,0.6115844038764932,14.019743069641649,0.77,38.0
"risk-controlled kappa (CRC, beta=0.10)",0.2,1,0.9420783645655877,0.03062910086445267,0.9650793650793651,61,63,0.8899806265911197,0.9961320175035812,17.0,0.6115844038764932,14.019743069641649,0.77,38.0
conformal margin,0.2,3,0.899488926746167,0.022734770139217608,0.8920634920634921,60,63,0.8670815992518494,0.9900700488492667,14.0,0.45400045075501466,10.318503493351363,,38.0
safety factor (matched FAR),0.2,3,0.9080068143100511,0.02209425304389562,0.9174603174603174,61,63,0.8899806265911197,0.9961320175035812,14.0,0.5224701374802795,10.048906919089475,0.77,38.0
"risk-controlled kappa (CRC, beta=0.10)",0.2,3,0.9080068143100511,0.02209425304389562,0.9174603174603174,61,63,0.8899806265911197,0.9961320175035812,14.0,0.5224701374802795,10.048906919089475,0.77,38.0
conformal margin,0.3,1,0.8592844974446338,0.03878337619335952,0.8761904761904762,55,63,0.7650344243043459,0.9435487204546971,18.0,0.5201712869055668,17.870227631282397,,38.0
safety factor (matched FAR),0.3,1,0.8926746166950597,0.03858289604150807,0.9015873015873016,56,63,0.784375751297472,0.9541433762831293,17.0,0.5939148073022312,17.823980166779357,0.76,38.0
"risk-controlled kappa (CRC, beta=0.10)",0.3,1,0.9093696763202725,0.04379651264587078,0.9238095238095239,57,63,0.804143979441893,0.9642409881346669,18.0,0.6369619112012621,20.271309443317556,0.73,38.0
conformal margin,0.3,3,0.8306643952299829,0.030465337651899817,0.8380952380952381,50,63,0.6730266705316862,0.8852977866837404,15.0,0.4607617759747577,14.012981744421907,,38.0
safety factor (matched FAR),0.3,3,0.8640545144804088,0.029543827424722016,0.8698412698412699,54,63,0.7460585493565118,0.9325368444285194,14.5,0.5249492900608519,13.612936668920442,0.76,38.0
"risk-controlled kappa (CRC, beta=0.10)",0.3,3,0.8804088586030664,0.033890112524676566,0.8920634920634921,56,63,0.784375751297472,0.9541433762831293,15.0,0.5689429794906469,15.64877169258508,0.73,38.0
conformal margin,0.5,1,0.752640545144804,0.059047823105526275,0.746031746031746,49,63,0.6553558462956384,0.8728492567468735,24.0,0.5107955826008564,27.443813387423933,,38.0
safety factor (matched FAR),0.5,1,0.8098807495741056,0.0578691055272208,0.8063492063492064,53,63,0.7274019825071563,0.9211661892477585,21.0,0.6021185485688528,26.968131620464277,0.72,38.0
"risk-controlled kappa (CRC, beta=0.10)",0.5,1,0.9063032367972743,0.09019766266949139,0.9111111111111111,60,63,0.8670815992518494,0.9900700488492667,28.0,0.7703403200360605,42.192832995267075,0.56,38.0
conformal margin,0.5,3,0.7294718909710391,0.047906355758825396,0.7111111111111111,47,63,0.6205970714475044,0.8473301812029235,19.0,0.4727067838629705,22.263286004056795,,38.0
safety factor (matched FAR),0.5,3,0.7805792163543441,0.04691386574153823,0.7777777777777778,52,63,0.709029050919127,0.9094810154370034,17.0,0.5568176695965743,21.848546315077755,0.72,38.0
"risk-controlled kappa (CRC, beta=0.10)",0.5,3,0.8882453151618399,0.07423608236864845,0.8825396825396825,57,63,0.804143979441893,0.9642409881346669,20.0,0.7310795582600856,34.719540229885055,0.56,38.0
