zone,margin,coverage,cov_lo,cov_hi
RJK-Z01,21.0,0.9009223873555083,0.8991907879216796,0.9027484076433121
RJK-Z02,39.0,0.9038570417551309,0.9028307973578675,0.9048714319414957
RJK-Z03,39.0,0.9027105449398443,0.9011746874262799,0.9041876032083039
RJK-Z04,30.0,0.9051262090115594,0.9034347133757962,0.9067658645907054
RJK-Z05,28.0,0.8999410238263742,0.8983958480773767,0.9016255012974758
RJK-Z06,20.0,0.9139844302901627,0.9123401745694739,0.9155933592828498
RJK-Z07,11.0,0.9092545411653692,0.9073526775182827,0.9110025949516396
RJK-Z08,11.0,0.9088063222458127,0.9070060745458833,0.9105993748525595
RJK-Z09,44.0,0.9057442793111583,0.9044019226232602,0.9071291578202405
RJK-Z10,11.0,0.9011181882519462,0.8990232955885823,0.9032202760084925
