area_factor,n_breach_worlds,n_violation_instances,recall,far,recall_lo,recall_hi,far_lo,far_hi,margin
0.6,13,780,1.0,0.1442370865428183,1.0,1.0,0.14153605641191783,0.14685232827985273,39.0
0.7,13,780,1.0,0.10672575894879928,1.0,1.0,0.10350586378554036,0.10986276767684708,39.0
0.8,13,780,1.0,0.06987190379096814,1.0,1.0,0.06675078960675244,0.07296949129432552,39.0
0.9,13,780,1.0,0.04017803201933243,1.0,1.0,0.03746069671164175,0.04278875139827035,39.0
1.0,13,780,0.9923076923076923,0.020642180184262195,0.975375,1.0,0.01881966882654649,0.02263918655634272,39.0
1.1,13,780,0.9756410256410256,0.00959730403262347,0.9384615384615385,0.9958638912251191,0.008399610939534445,0.010918908647217927,39.0
1.25,13,780,0.8346153846153846,0.0026020427427880985,0.7148924949290061,0.8989247311827957,0.0020618094067408896,0.0032143547231143926,39.0
1.5,13,780,0.3384615384615385,0.0002341036097266274,0.17201904391760592,0.4561430921052631,0.00011937271415423879,0.0003720100884399066,39.0
1.75,13,780,0.019230769230769232,1.935130644917686e-05,0.0,0.04483024456934527,4.247234593140514e-06,3.7767396858228164e-05,39.0
2.0,13,780,0.0,0.0,0.0,0.0,0.0,0.0,39.0
