forecaster,survey,margin,test_mae,n_breach_worlds,n_violation_instances,recall,far,recall_lo,recall_hi,far_lo,far_hi
trend OLS (paper),oracle,39.0,21.42608634111819,13,156,1.0,0.0198138498716206,1.0,1.0,0.017960693689150348,0.021795641118939474
trend OLS (paper),sigma 0.05,39.0,21.42608634111819,13,780,1.0,0.02056335900921311,1.0,1.0,0.018593468605818946,0.02254316154971009
trend OLS (paper),sigma 0.2,39.0,21.42608634111819,13,780,0.9653846153846154,0.03034001661380456,0.9388844086021505,0.9806070381231672,0.028290490621743897,0.03238553236864747
trend OLS (paper),sigma 0.5,39.0,21.42608634111819,13,780,0.7730769230769231,0.05866419347530585,0.7206874891699878,0.8362108150470219,0.05581924109490456,0.06170736108100611
persistence,oracle,27.0,12.36836518046709,13,156,0.8717948717948718,0.0026265858631626645,0.806108276643991,0.9339776935284781,0.0020644601764517887,0.0032336916187653145
persistence,sigma 0.05,27.0,12.36836518046709,13,780,0.8512820512820513,0.0031084805920555806,0.7844051948051949,0.9153292578292578,0.002515926525477446,0.0037644615125523406
persistence,sigma 0.2,27.0,12.36836518046709,13,780,0.7012820512820512,0.008627850777828122,0.6126049896049895,0.798113648386528,0.0076961191692686125,0.009559574996638348
persistence,sigma 0.5,27.0,12.36836518046709,13,780,0.5461538461538461,0.028713562905905453,0.4365743461651484,0.6868189031916768,0.02696584092654247,0.03049674068929983
Holt linear,oracle,37.00466176556272,19.528556623163055,13,156,1.0,0.01810291119166289,1.0,1.0,0.016160781362835424,0.02003893848627119
Holt linear,sigma 0.05,37.00466176556272,19.528556623163055,13,780,1.0,0.018729232744298444,1.0,1.0,0.016926693198972775,0.02055883543438812
Holt linear,sigma 0.2,37.00466176556272,19.528556623163055,13,780,0.9653846153846154,0.02842565322458843,0.9346338848039216,0.9842906403940886,0.0264550779524088,0.03040078184811113
Holt linear,sigma 0.5,37.00466176556272,19.528556623163055,13,780,0.7782051282051282,0.05493222322911947,0.7213089915548933,0.8457189695550351,0.05227774409089021,0.05752814121466306
ridge AR(6),oracle,39.923772703949425,14.800763554987872,13,156,0.391025641025641,0.00035634722851533,0.20453934506353863,0.5076037549407113,0.00015099679709848975,0.000597235253639934
ridge AR(6),sigma 0.05,39.923772703949425,14.800763554987872,13,780,0.44358974358974357,0.0005121016462769975,0.2904939271255061,0.5698138253464685,0.0003076768802927401,0.0007615927013634974
ridge AR(6),sigma 0.2,39.923772703949425,14.800763554987872,13,780,0.45897435897435895,0.003984481196193928,0.3133722836268265,0.6077127659574466,0.0033878364070506583,0.004594812720363626
ridge AR(6),sigma 0.5,39.923772703949425,14.800763554987872,13,780,0.4807692307692308,0.02750339827820571,0.33938735177865614,0.6427315561378751,0.02517389855101631,0.0298871904971607
