sigma,n_breach_worlds,n_violation_instances,recall,far,recall_lo,recall_hi,far_lo,far_hi,margin
0.025,13,780,1.0,0.020106479383778884,1.0,1.0,0.018156367825789832,0.022150403852158822,39.0
0.05,13,780,1.0,0.020786135024920705,1.0,1.0,0.018793122131238484,0.022711766044662948,39.0
0.1,13,780,0.9692307692307692,0.023473134722851532,0.9314215456674473,0.9913585568326948,0.02149388902707848,0.02549326602954075,39.0
0.2,13,780,0.9474358974358974,0.03164693777375019,0.8739711137581894,0.9866753246753247,0.02966469853316901,0.03375000515641281,39.0
0.3,13,780,0.8897435897435897,0.03967489805165383,0.8285714285714286,0.9443181818181818,0.037506128704243975,0.041917269468218124,39.0
0.4,13,780,0.8243589743589743,0.05008306902280622,0.7311940836940837,0.8924783634933123,0.047768472403958415,0.0525194602533735,39.0
0.5,13,780,0.8333333333333334,0.05943730176710467,0.7698569446852782,0.9021354436948624,0.05636427440100201,0.06249500324166713,39.0
0.75,13,780,0.8,0.09516358933695816,0.694400406504065,0.8902363926119646,0.0902166272956797,0.10005958463619292,39.0
1.0,13,780,0.5641025641025641,0.13102486406887176,0.4076111736560653,0.72,0.12457932806670641,0.13791822402573997,39.0
0.0,13,156,1.0,0.0198138498716206,1.0,1.0,0.017900408470146678,0.0218886011487266,39.0
,13,156,0.0,0.0,0.0,0.0,0.0,0.0,39.0
