peak_rate,margin_kind,margin,coverage,n_breach_worlds,n_violation_instances,recall,far,recall_lo,recall_hi,far_lo,far_hi
2.0,stale margin (calibrated at 3.0),39.0,0.9161665487143195,0,0,,0.008941259731068648,,,0.008008008964378392,0.009959294644963434
2.0,recalibrated,34.0,0.9020547298891248,0,0,,0.006945977824958717,,,0.006123956121726822,0.007770276008492569
2.5,stale margin (calibrated at 3.0),39.0,0.9098183533852323,1,20,0.8,0.02008275614773435,0.8,0.8,0.01837607573555778,0.021768370315992127
2.5,recalibrated,36.0,0.900960132106629,1,20,0.8,0.017954875724234248,0.8,0.8,0.01640925925925926,0.019517079499882045
3.5,stale margin (calibrated at 3.0),39.0,0.898138711960368,29,1245,0.9285140562248996,0.04042195108709763,0.89299889135255,0.9557317499737662,0.03815119403788662,0.04276820105545875
3.5,recalibrated,40.0,0.9012856805850437,29,1245,0.934136546184739,0.041376510382366616,0.9024618643059422,0.9594350413121223,0.039157429642710684,0.043623113971831745
4.0,stale margin (calibrated at 3.0),39.0,0.8935079028072659,65,2635,0.9138519924098671,0.04658728827771256,0.8869390938686923,0.9368655844851602,0.04432040131235969,0.04879100717659439
4.0,recalibrated,42.0,0.9031068648266101,65,2635,0.9222011385199241,0.04967440058766147,0.8963909020241485,0.9437846948071668,0.04743407243436164,0.051931629829629455
5.0,stale margin (calibrated at 3.0),39.0,0.8858645907053551,132,5915,0.9173288250211327,0.05212470754665651,0.8979326318530049,0.9340209918353773,0.049946033497042436,0.05427234257053681
5.0,recalibrated,43.0,0.900485963670677,132,5915,0.9305156382079459,0.0562040324850905,0.9128845738697693,0.9457501420359091,0.0540044956768967,0.05839892143583327
