horizon_min,survey,margin,n_breach_worlds,n_violation_instances,recall,far,recall_lo,recall_hi,far_lo,far_hi
5,oracle,18.5,13,156,1.0,0.0030846900365212354,1.0,1.0,0.0024675484244502223,0.0037229587505448456
5,sigma0.05,18.5,13,780,0.9910256410256411,0.003529763405908781,0.9692276422764228,1.0,0.0029017227177463574,0.004246210968319006
5,sigma0.2,18.5,13,780,0.8846153846153846,0.009811696135847788,0.7719492656875835,0.9481984781230183,0.008754514653260614,0.010795678565009428
5,sigma0.5,18.5,13,780,0.7397435897435898,0.030608718394186493,0.6716664438502673,0.8174052396878484,0.028703545411718955,0.032584471877713114
10,oracle,39.0,13,156,1.0,0.0198138498716206,1.0,1.0,0.01784717796452989,0.021904054671338238
10,sigma0.05,39.0,13,780,1.0,0.020786135024920705,1.0,1.0,0.018837685896072372,0.022923530132407804
10,sigma0.2,39.0,13,780,0.9474358974358974,0.03164693777375019,0.871879600929872,0.9867616449660738,0.029553451672329447,0.033600603680027354
10,sigma0.5,39.0,13,780,0.8333333333333334,0.05943730176710467,0.7719273535952557,0.9039559322033898,0.05639588961925571,0.06263445408311802
15,oracle,69.0,13,156,1.0,0.07553596473652574,1.0,1.0,0.07207574946863841,0.07908470599760897
15,sigma0.05,69.0,13,780,1.0,0.07585892702101879,1.0,1.0,0.07245178765887808,0.07941922938752666
15,sigma0.2,69.0,13,780,0.9846153846153847,0.0826602169619601,0.9490891265597148,1.0,0.07935917423798824,0.08595617996904178
15,sigma0.5,69.0,13,780,0.8794871794871795,0.12370457299329268,0.8104419800707168,0.9540248728094969,0.11805132631602887,0.1291590417884894
20,oracle,103.0,13,156,1.0,0.15679792836062728,1.0,1.0,0.15287259919250074,0.16074800269182907
20,sigma0.05,103.0,13,780,1.0,0.15670871670235134,1.0,1.0,0.15243871856991087,0.16089908273894676
20,sigma0.2,103.0,13,780,0.9961538461538462,0.164829388731362,0.9833333333333333,1.0,0.15950511917263824,0.16978996417425607
20,sigma0.5,103.0,13,780,0.8948717948717949,0.2328149412649731,0.8256249999999999,0.9666743119266055,0.22369053490276083,0.24159037247195791
