sigma,n_breach_worlds,n_violation_instances,recall,far,recall_lo,recall_hi,far_lo,far_hi,margin,n_worlds,n_test
0.025,63,2935,1.0,0.019558896471917442,1.0,1.0,0.018690198089908204,0.020445107982053807,38.0,9000,4500
0.05,63,2935,0.9996592844974447,0.02018865333310051,0.9987778791248609,1.0,0.019377343017762547,0.02107639494813648,38.0,9000,4500
0.1,63,2935,0.9826235093696764,0.022547693086030433,0.9717892694699712,0.9918731319748565,0.021716195112684446,0.023448415103130463,38.0,9000,4500
0.2,63,2935,0.9281090289608177,0.03040917678073616,0.9008879529753969,0.950899500116252,0.02953349850293089,0.03132195462529659,38.0,9000,4500
0.3,63,2935,0.8592844974446338,0.03878337619335952,0.8251794871794871,0.893309737623731,0.03785670232099421,0.039771954841152,38.0,9000,4500
0.4,63,2935,0.8010221465076661,0.048737159099972484,0.7485360304706073,0.8471538592833154,0.04774172846794834,0.049752659246823545,38.0,9000,4500
0.5,63,2935,0.752640545144804,0.059047823105526275,0.7070159661744289,0.7948303142732431,0.05770150956693615,0.0603580755128419,38.0,9000,4500
0.75,63,2935,0.7049403747870528,0.0932681049198339,0.6511689816751737,0.759782353687691,0.09112313029479915,0.09541299394816165,38.0,9000,4500
1.0,63,2935,0.616695059625213,0.13161625795867976,0.5420013275938367,0.6830572830381036,0.12861069555521976,0.13452968328773432,38.0,9000,4500
0.0,63,587,1.0,0.01929196715485723,1.0,1.0,0.018453399931514944,0.020225814865086768,38.0,9000,4500
,63,587,0.0,0.0,0.0,0.0,0.0,0.0,38.0,9000,4500
