peak_rate,survey,margin,n_breach_worlds,n_violation_instances,recall,far,recall_lo,recall_hi,far_lo,far_hi
2.5,oracle,36.0,1,4,1.0,0.007419272651782513,1.0,1.0,0.006265572664962418,0.008690930958445265
2.5,sigma0.05,36.0,1,20,1.0,0.008258157661313152,1.0,1.0,0.007112504626480309,0.009542614842403553
2.5,sigma0.2,36.0,1,20,1.0,0.017944967633570497,1.0,1.0,0.016341884878509082,0.019657100731304555
2.5,sigma0.5,36.0,1,20,0.45,0.0468166720138902,0.45,0.45,0.04423586930879925,0.049517122222797874
2.5,unsurveyed,36.0,1,4,0.0,0.0,0.0,0.0,0.0,0.0
3.0,oracle,39.0,13,156,1.0,0.0198138498716206,1.0,1.0,0.017850247548496716,0.02183948314963722
3.0,sigma0.05,39.0,13,780,1.0,0.020786135024920705,1.0,1.0,0.018866148257305117,0.022661717673525074
3.0,sigma0.2,39.0,13,780,0.9474358974358974,0.03164693777375019,0.869652117545376,0.9864313725490196,0.02958862516578714,0.033784164183726394
3.0,sigma0.5,39.0,13,780,0.8333333333333334,0.05943730176710467,0.7728133274492498,0.905517693908951,0.056368091527052216,0.0624195024544286
3.0,unsurveyed,39.0,13,156,0.0,0.0,0.0,0.0,0.0,0.0
3.5,oracle,40.0,29,249,1.0,0.03112703616892206,1.0,1.0,0.028907042515200536,0.03347318065859231
3.5,sigma0.05,40.0,29,1245,1.0,0.03176293694574071,1.0,1.0,0.02953319079102365,0.0340069035783151
3.5,sigma0.2,40.0,29,1245,0.9373493975903614,0.040898758648038123,0.8917256525151263,0.9711359731333958,0.038756658101383,0.04317888052772871
3.5,sigma0.5,40.0,29,1245,0.685140562248996,0.06686824768500488,0.5959582185669395,0.7763300411664993,0.06378757961875288,0.07003733561420473
3.5,unsurveyed,40.0,29,249,0.0,0.0,0.0,0.0,0.0,0.0
