zone,role,peak_occ_mean,peak_occ_sd,violation_minutes_total,n_seeds_with_violation,policy_recall,policy_false_alarm_rate
RJK-Z01,gate,24.48777777777778,4.531543818972223,0.0,0,,0.0
RJK-Z02,performance,134.44,15.610161831049227,156.0,13,1.0,0.0206799388309922
RJK-Z03,exhibit,62.80555555555556,10.144943573707376,0.0,0,,4.010379806558151e-05
RJK-Z04,exhibit,38.11555555555555,5.517893052602413,0.0,0,,0.0
RJK-Z05,exhibit,50.111111111111114,9.884814304034139,0.0,0,,9.436187780136823e-06
RJK-Z06,exhibit,23.65111111111111,5.120185020912305,0.0,0,,0.0
RJK-Z07,vendor,8.848888888888888,2.356315653337513,0.0,0,,0.0
RJK-Z08,vendor,8.922222222222222,2.3428483362214587,0.0,0,,0.0
RJK-Z09,hub,72.88,10.483263848254731,0.0,0,,0.0
RJK-Z10,exit,10.886666666666667,2.6384763189904117,0.0,0,,0.0
